index,image,label
64504,455989,1
56222,129362,1
113418,657713,1
44387,319894,1
61181,815819,0
220049,807376,0
182367,399876,1
126883,14706,1
35707,233333,0
234260,34948,0
161710,94763,0
137112,936607,0
195238,468336,1
38669,318915,0
210396,4395,0
173955,129561,1
198796,335951,1
181595,72778,0
205250,282436,1
176186,728168,1
123742,907868,0
42340,895743,1
189753,11144,0
102864,416444,0
243482,81293,0
66881,941726,1
204731,252100,0
63067,610325,1
15556,464666,0
46657,850953,1
254506,289976,1
236339,751281,0
17654,745918,1
46857,262335,0
164791,866381,1
131214,653829,1
157512,821387,0
108797,20227,0
66093,457706,0
69828,95557,0
6803,766497,0
101240,328125,1
102206,393687,0
64294,796188,0
225978,206239,0
236882,10229,0
167049,857521,1
887,689762,1
70965,30623,0
255485,57282,0
165099,902909,1
184158,833777,1
234265,35218,1
12829,759711,1
28265,288409,0
113687,426315,1
161011,63392,0
32467,839080,0
215655,487260,0
117664,404406,1
40096,702892,1
149326,9271,0
77933,472635,1
71359,577365,0
68331,284785,1
135321,7356,0
196557,546661,1
94083,846612,1
34505,914321,1
108627,20593,0
197586,84176,0
173033,436414,1
83601,620980,0
119794,701919,0
212064,447061,0
29257,663991,0
131582,59435,0
147390,105125,0
117801,687084,0
28793,656887,0
245108,17742,1
252418,314726,0
174647,603787,1
104954,14290,0
255271,868518,0
49245,111078,0
19137,274790,1
107860,6783,0
85070,674143,1
3395,894230,1
75309,306896,0
106427,914328,0
241260,730333,0
188361,32159,0
110615,15012,1
141356,197846,1
128920,696871,1
86636,697300,1
8534,42594,0
237276,473436,1
237184,102676,1
62500,298974,0
220583,69137,0
146578,169279,1
189123,71,1
201532,859270,0
25537,450472,0
118459,267739,1
224207,105394,0
228284,642504,0
145228,190993,0
37724,829758,1
108630,20553,0
114126,426736,1
143421,682347,1
250582,571814,1
233809,265830,0
113519,470994,0
212620,27158,0
130010,13335,1
79653,524724,1
28923,680742,1
118258,802968,1
188619,722101,0
194491,267237,0
239407,563950,1
40773,76577,1
129755,703185,0
52644,26008,0
26931,122012,0
213565,202924,0
174746,935973,1
7757,732312,1
124820,31240,0
133127,43002,1
159435,115482,1
49805,240065,0
72351,824827,1
64717,334299,0
7242,643137,1
83933,640398,1
169204,648285,0
141965,120064,1
137512,422233,0
230166,573894,0
224327,80279,0
29763,350065,0
244292,50551,1
238414,676367,0
186831,315095,0
240002,938895,1
103283,433554,1
236511,19808,0
132327,886572,1
148571,171447,1
64293,762606,0
228523,60491,1
142606,835721,1
142822,24200,1
5669,774798,0
182774,768120,1
9320,27857,0
224174,104937,0
26441,120762,0
210442,75305,1
10223,698541,1
35368,763803,1
212557,27031,0
164259,162,1
7600,210131,0
138582,309738,0
208778,769165,1
125200,820191,1
22711,678608,0
131323,335130,0
130735,647966,1
196922,34254,1
22369,235269,0
7209,641356,0
50599,62115,0
160531,919732,1
107945,6831,0
60146,527157,0
125516,661654,0
158634,627319,1
166896,64197,0
29767,349217,1
215960,45341,0
227364,728264,1
47973,230111,1
209951,677472,0
196555,547891,1
64380,839926,0
803,775702,1
14436,279121,0
56128,111481,1
105285,236999,1
5910,163316,0
5857,163461,1
41698,834157,0
105692,377470,0
152157,116764,0
172070,361238,1
23627,941120,0
59950,527372,1
174850,17483,1
55072,434512,1
128036,254287,1
255527,56711,1
150296,799779,0
47184,17083,0
221110,338054,1
55538,182307,0
42110,852283,1
176237,729165,1
252916,126773,0
175682,814494,1
92106,807945,1
183100,536675,0
165820,57033,1
181643,72389,0
33226,226565,0
194740,608557,1
168240,273142,1
118649,329801,0
126841,14637,1
195203,467946,1
60935,880487,1
120651,626226,1
58472,549757,1
200060,148976,1
6594,372686,1
166295,528272,0
240007,842487,1
120446,474234,1
565,147906,0
33957,13761,0
66775,560326,1
129730,173745,0
99584,260078,1
225497,60588,1
244890,668954,1
241008,78597,0
152921,556898,1
253409,6145,1
7653,209735,0
9068,617143,1
114840,337270,1
238535,908214,1
25332,10213,1
172708,852321,0
244402,940137,1
51738,491515,0
72430,359316,0
100186,161870,1
54198,680324,0
141157,199291,1
173541,650077,1
54542,190064,0
234579,207010,0
35141,440617,0
94879,863780,1
158027,28248,1
172373,428359,1
184377,699655,1
9244,491284,1
142821,23969,1
43888,92450,1
53541,735,0
53972,221396,1
122678,583086,1
251319,90590,0
1683,7029,0
58807,602219,1
185821,244395,1
250667,9663,1
180203,731319,1
61431,40960,1
111506,761878,0
81980,583708,0
9206,491067,1
62789,298548,1
17857,741474,1
3776,712709,0
211029,4040,0
49624,239394,0
4368,291266,1
233500,629131,1
247979,72336,1
100763,288957,0
123907,36020,1
13753,902419,1
61743,507407,1
222143,354676,1
180680,21004,1
88236,735130,1
234882,106957,1
160132,672145,0
130397,395831,0
177439,836427,1
247202,615923,1
119676,713174,1
76323,346891,1
143814,67574,0
243229,947340,1
158271,459559,1
232189,653298,1
112044,497751,1
68959,18750,0
225444,60821,0
132308,886786,1
35682,233050,1
112960,309552,0
237289,473409,1
101895,388575,0
133605,410815,0
110221,180165,0
56466,588036,1
119821,702039,0
119057,955975,1
72032,62728,0
204744,252308,0
156059,53194,1
226050,206053,0
231322,58180,1
231677,140052,0
48565,85894,1
185266,477645,0
78258,474856,1
14487,575544,1
119683,713310,1
184816,268,0
238337,676251,0
59517,711011,1
7726,212798,0
209938,678567,1
19808,447960,1
186233,423904,0
205783,760218,1
49861,240073,0
164230,150,1
182913,537249,1
99158,949004,1
136507,23687,0
202647,719172,1
142972,24313,0
56196,129270,1
123832,36873,1
239355,828700,1
104142,443640,1
213074,488345,0
47515,369829,1
215333,356244,0
244297,50795,0
7497,86995,0
8448,43099,0
4051,725785,0
75516,804852,1
178709,807643,1
7351,88941,0
131443,59478,0
957,307196,1
120432,475705,1
32680,97961,0
108082,255114,1
132453,141890,0
53836,222048,1
169224,648706,0
179492,428009,1
133227,180527,1
117790,687218,1
249594,127608,0
88977,746252,1
212248,23379,1
71416,577258,1
43910,92303,0
161233,140008,1
1508,832366,1
106418,913628,1
209121,105072,1
90254,777781,1
153223,13569,1
233895,263937,0
222970,504544,1
96365,900963,1
246546,599158,1
221473,675590,0
72611,445777,1
59802,527228,1
187898,12566,1
196927,34305,0
26114,24822,1
249738,419141,1
31102,883228,1
194143,45939,1
68198,891072,1
232991,15880,0
223933,340638,1
22952,150384,1
163040,75854,1
968,308647,0
151622,77987,0
70209,446393,1
178930,910211,1
196540,547660,1
174097,271076,1
211943,10500,1
199474,887414,0
42235,492106,1
107578,673432,1
136591,47063,1
215978,45388,0
222262,153371,1
44356,318553,0
239504,812872,1
111326,236189,1
181052,861397,1
16449,938812,0
94114,847195,1
212651,26943,1
216093,334585,0
39986,584387,1
179232,20370,1
57637,12808,0
23194,188573,1
179878,765243,1
206422,385155,1
134497,249608,0
17772,760876,0
143704,65510,1
149126,274906,1
125272,819453,1
144195,107902,1
110369,181516,0
210461,75642,0
24589,368179,0
140533,38727,0
11718,639504,0
84408,648777,1
24538,367789,0
156332,552494,1
246285,941188,1
93465,836758,1
134188,151681,1
15497,464822,1
195329,394731,1
128792,417083,0
165528,144358,0
54124,856026,1
53265,780987,1
102766,420927,1
40995,446733,0
105904,377507,0
135305,7228,1
108692,20371,0
135162,7237,0
148784,412170,1
111773,791420,1
243598,81114,0
52398,664941,0
69307,596178,1
133872,782230,0
147303,104542,0
177285,601203,1
49691,238932,1
48148,229673,1
5924,162023,1
5025,312730,0
111121,344500,0
78301,471338,0
68698,296915,1
208408,609428,1
247473,12144,0
115851,771865,1
240409,343710,1
104617,569529,1
129652,173159,0
176040,862189,1
226994,779752,0
229268,26884,1
129192,834877,1
140166,8070,0
12130,750759,1
143212,382950,1
6816,767699,0
119971,850961,1
80784,563960,1
42724,4887,0
119020,22929,0
237019,103255,1
68330,284603,1
197741,516973,1
104915,14451,0
88595,740999,1
167559,110509,0
230566,513628,1
11832,798136,1
48735,321684,0
205260,280252,0
67167,408224,1
87874,727188,0
166028,301648,1
134261,150054,0
165675,143136,0
109533,950494,1
9137,479955,1
78309,469377,1
52684,25801,1
57546,348596,1
7323,89046,0
232875,15478,0
85826,678848,1
42326,894599,0
211082,4215,0
193598,74514,0
815,689637,1
241142,567726,1
168603,442979,1
149230,9337,0
75873,9855,0
108293,764711,0
139022,476013,0
42223,491917,1
158177,219720,0
48023,230324,0
170351,737819,1
19302,277249,1
175761,814680,0
1900,691642,1
208150,339030,1
196917,34309,0
91340,800871,1
119886,700239,0
46743,262925,0
131465,59653,0
172976,163097,0
62144,22680,1
32165,813272,1
83997,632908,0
204844,250555,0
237506,785713,0
158360,460119,1
64463,457704,0
165925,301378,1
114441,673125,0
105217,1310,0
40905,445022,1
119067,955895,0
185696,6465,1
12063,826621,0
145217,192880,0
14252,279350,0
75863,9926,0
201155,346477,1
206247,178256,0
179656,779635,1
209780,591703,1
109155,354535,0
2296,735939,1
148324,733467,0
102814,421122,0
130261,194141,0
196287,591736,1
194905,47765,0
162928,585747,1
181083,862169,0
211557,606398,0
122883,117942,0
181227,360283,0
158048,28005,1
195746,42322,0
232932,15666,0
104727,795559,1
174172,271248,1
90894,786655,0
43215,313742,0
155858,85184,0
117856,686899,0
198710,335679,1
118404,267881,1
125383,906406,1
222331,154133,1
24171,117880,1
66546,86533,0
194709,607713,1
193213,571678,1
1420,916843,1
242000,692840,0
191141,28353,0
233758,909530,1
140356,8057,0
44423,317851,1
170651,242177,0
141200,198448,0
182666,768225,1
102870,408408,1
81400,576480,1
55998,822203,0
129004,697014,1
145750,804838,1
59989,527304,0
53395,483264,1
152353,55541,1
58880,222903,0
110020,43963,0
141736,912640,0
74,953097,1
190020,167200,0
184183,402161,1
212984,897074,1
106653,5461,1
140382,8215,0
13379,123447,0
246765,68736,0
156077,53525,1
42225,492050,1
110717,344412,1
211948,10565,0
197000,21320,1
213860,878313,1
237604,786179,1
56390,310071,1
204823,250349,0
140215,8211,0
132709,692966,0
6873,767695,1
234738,612975,0
86981,704105,1
169267,648473,0
121303,247815,1
75282,305636,0
192664,816818,0
245550,696945,0
249543,128244,1
120093,10935,0
86733,705384,1
106610,5374,0
148802,410787,1
76662,636741,1
182861,540048,1
40274,486506,1
136527,23732,0
197201,21419,0
68864,570462,1
1057,308709,0
1357,267236,0
199836,893830,1
39368,782483,0
228974,31958,1
244309,50872,1
138522,309632,1
73526,598256,0
234202,34444,1
231038,936693,1
218168,105653,1
210933,604740,0
145624,913094,1
242386,96957,0
156520,496,0
162969,584250,0
3391,894009,1
184657,699605,1
141910,118869,0
203735,517499,1
113178,741210,1
232856,15856,0
99479,263034,1
56454,587311,1
41674,834203,1
159331,116386,0
58044,431633,0
228365,642443,1
156983,331679,0
244000,664947,0
216139,333702,0
228088,858118,0
128295,496568,0
37893,380883,0
179220,20207,1
123772,907586,1
202103,269672,1
69633,777912,1
28648,656013,0
164438,67578,1
25753,450585,0
134677,431852,0
135092,7202,0
251032,408353,0
133467,412807,0
54360,190214,0
239017,504288,1
109519,950863,0
138416,840540,1
120590,473898,0
191291,28211,0
33994,147278,0
248430,243153,1
224959,28586,0
142928,24042,0
199467,618697,1
82067,592990,1
157454,685034,0
4674,311728,0
21424,848911,1
29326,665416,1
152430,55694,1
198309,412,0
194754,48585,1
7141,642674,0
110557,692562,1
142813,24325,0
143107,65805,0
178433,841663,1
210314,4373,0
179605,779769,1
120466,476773,1
164681,866604,1
97896,927190,0
9463,831354,0
207369,390602,0
129607,173528,0
238375,676613,1
142859,24460,1
229527,359648,0
129944,926725,1
7779,731999,0
225249,60879,1
125915,807767,1
3431,894361,1
167889,818020,1
48624,321493,1
21094,754453,1
134091,150976,1
78322,474162,1
232462,945725,1
245127,18152,1
8021,303525,0
68615,298732,0
85868,683985,1
239305,828343,1
136904,217256,0
202105,269110,0
170374,737516,1
48744,320965,1
48279,484695,1
150094,292536,0
113566,470512,0
246473,22017,1
242316,96222,1
57664,13076,0
16592,338604,1
124940,30308,0
149685,733374,1
48595,86099,1
149269,9454,0
197047,21394,0
99799,264085,1
170547,243167,0
251197,90598,0
184785,308,0
232058,654683,0
70866,746047,1
32595,97428,1
205408,62917,0
31590,433896,1
241276,730877,1
174185,270953,1
72000,62595,1
218775,742776,0
183834,216903,0
162579,2280,1
7354,88868,1
218742,743877,1
138058,891521,0
13348,25653,1
140931,94764,0
173607,650749,1
76461,347548,0
123840,36470,1
194661,387907,1
235057,106762,0
139122,826166,0
253339,6006,0
119344,99715,0
227229,605727,1
42880,634178,0
17344,404586,0
249746,418521,1
69544,777717,0
215121,354917,0
144182,109019,1
233732,909586,0
171178,12260,1
113297,443707,1
108464,791909,0
176561,696025,0
69000,18526,1
158703,626541,1
87883,721842,1
68902,568519,1
8652,42415,0
248114,528044,1
87816,726966,1
11630,639915,1
36129,278234,0
211764,605006,0
17386,405867,1
222920,503581,0
251671,577960,1
240786,794899,1
164647,67158,0
212599,27191,0
179495,429277,1
136447,23651,0
196238,541987,1
187304,523519,1
76086,101868,0
172755,162726,1
173330,437971,1
18363,136752,1
24311,60657,0
193325,692830,0
88743,751981,1
210402,4310,1
197724,515216,1
44752,199240,0
9437,831438,1
132430,139510,0
97831,920638,0
251024,408773,0
213477,201763,0
14014,103000,0
20740,635846,1
43965,92700,0
181039,862206,0
114464,673890,0
250045,324021,0
135060,951554,0
247272,616334,1
130195,196210,1
209313,49102,1
17798,741083,1
246463,22029,1
138234,471810,1
95395,875926,1
210540,75177,0
40601,159858,1
3683,73388,0
154284,5764,1
243173,270396,1
150079,290765,1
193632,73511,0
76580,634194,1
42310,67555,0
72877,491860,1
40652,77015,0
7898,54668,1
163579,66368,0
115552,770792,0
183934,217534,1
29193,9982,1
228011,13478,0
48896,725888,0
143035,65605,0
109936,44106,0
43883,92399,0
156292,550056,1
55979,821930,0
212808,578638,1
2682,165675,0
131029,933191,1
129432,173161,0
77868,464342,1
204919,252167,1
230405,272494,1
77194,3437,0
208894,438709,1
115751,771822,1
180660,21115,1
8473,43053,1
8468,42854,0
67422,337660,0
46902,263284,1
128584,420404,0
29913,349018,0
32383,157450,0
195357,394254,0
13077,38974,0
218828,356605,0
68874,569873,1
184109,832667,1
11956,903948,1
140539,38963,1
185596,6355,1
19869,451534,1
157575,821275,0
135208,7416,1
112995,308510,0
166791,64609,0
227764,686476,1
245287,17651,0
128600,420194,1
11239,339608,1
199277,619935,0
86852,700132,1
234162,35037,0
206129,177263,1
228188,641074,0
125896,39821,0
162007,843470,0
111754,792323,0
2775,165934,0
225340,61024,0
68350,282766,0
184422,41981,1
203496,275067,1
175560,439227,1
139986,550484,1
134070,150691,0
59680,874286,0
181416,47478,1
13361,25827,0
115317,130769,0
164452,67106,1
171161,12176,1
41663,833335,0
54961,253139,1
46198,629950,1
181347,796993,1
64838,333373,1
150989,134830,0
253066,125820,0
123196,345408,0
72040,379847,1
208963,438722,1
247423,12137,1
192450,502231,1
61774,506633,1
250655,9783,1
93357,829969,1
57474,349239,1
218522,614661,1
23993,860720,1
202187,460229,0
180472,16978,1
25446,448160,0
166892,64621,0
224806,593479,1
248918,285316,1
154670,539142,1
16522,451648,0
110493,181781,0
68203,891086,1
28331,289390,1
225785,203796,0
26842,122076,0
231683,140574,0
209027,909160,1
151000,135342,0
6831,768166,0
121119,7527,1
30790,581733,1
151342,679104,1
68802,874864,0
65908,676107,1
91993,807589,0
146377,169325,0
156882,331526,0
156526,449,1
182473,711820,1
248914,284517,1
173214,436811,1
60188,716616,1
42726,4819,1
109930,44339,0
215776,45622,0
129216,486814,1
247889,819546,1
130567,398148,1
249662,128148,0
30910,747735,0
56963,790419,1
15082,537132,0
128636,420720,1
11672,639441,1
139503,753824,1
180666,21089,1
145573,912058,0
47607,369304,1
107085,868020,1
212218,23168,0
69191,18577,0
70052,681964,1
69225,18513,0
113695,426503,1
253088,126629,0
184002,603083,1
72720,927663,0
75963,9877,0
171550,228959,1
165602,144905,0
221936,743024,1
247848,819587,0
137635,422006,1
21427,847093,1
194006,904842,1
215878,45256,0
124635,159170,0
246557,600014,0
133655,412984,1
176411,311770,0
147787,884500,1
21097,756647,0
234291,34703,1
195167,466241,1
69172,18575,1
251955,12365,0
132752,692954,1
79015,493752,1
176173,728598,1
17775,762639,1
157364,861320,0
224577,8637,0
213390,202870,1
184840,225,1
81683,572800,0
144390,738553,1
85534,682279,0
166315,725309,1
24746,651404,1
155509,801871,1
159858,261123,0
184485,277623,1
78368,469081,0
12987,38282,0
159570,109315,1
67515,100591,0
82637,604176,1
172490,624979,1
226208,206529,0
128738,417545,0
173587,649968,1
237767,29987,0
4179,364819,0
28829,681685,0
196218,544918,1
108592,20450,0
6659,372750,0
38376,132862,1
341,930790,0
87076,716539,1
64709,333449,0
7331,89231,0
202423,458624,0
36089,724427,1
107698,58416,1
143766,64187,0
228115,858090,0
11899,904157,0
225957,205986,0
194807,48380,0
48485,485229,1
14220,276518,0
146547,169422,0
224195,105408,0
4625,290902,1
136866,218188,0
173661,763387,0
209834,678430,0
143933,661184,1
144492,452684,0
242436,96640,1
38656,317626,0
217040,849592,0
205768,759345,0
227501,88298,1
141699,912668,1
174424,327998,1
237936,176452,1
212536,802358,1
220247,895435,1
187022,876454,1
179652,779497,1
112226,593328,1
7300,86813,0
187739,35456,1
86368,692445,1
254359,706525,1
152820,555029,0
158170,220389,1
135667,154311,0
194110,45691,0
861,689702,1
225966,205947,1
97377,916508,1
145840,916481,1
148536,34877,1
161696,95203,0
26290,2142,0
232188,654404,1
48211,229842,1
148779,410470,1
197743,511516,0
221073,335854,1
242492,96936,1
144570,451014,0
165003,925565,1
81618,579694,0
50916,853882,1
139086,825952,1
238100,176115,0
123102,16763,1
171727,230418,1
82719,606486,1
26783,122143,0
115514,771322,1
254288,708843,1
172746,162781,0
70549,658484,1
249589,128430,0
229259,26896,1
236590,19940,0
168541,442657,1
144008,684528,1
22026,934137,1
244367,50745,0
244347,50852,1
12049,827028,1
238625,283134,0
11291,339580,1
4381,291593,0
179191,20269,1
27376,426788,1
40812,76081,1
144230,107969,1
226539,625752,1
72070,379858,1
205009,846689,0
481,444966,1
227388,727495,1
241036,1561,0
112936,309542,0
114151,427573,1
148346,734635,0
198743,334765,1
41691,833146,1
173313,436034,1
74214,356909,1
28290,287434,0
90575,786907,1
99880,261967,1
43665,56749,0
68701,298535,1
67568,618614,1
238088,176502,0
113109,309541,0
206765,588806,1
96575,899800,1
162151,364679,1
151458,660904,1
37897,379293,0
230133,573842,1
113681,426734,1
5954,163319,0
1383,268057,0
38323,5044,0
211542,606123,0
141884,118314,0
45302,482131,1
134464,249604,0
162246,366073,0
56,954141,1
166321,726915,1
206025,178568,1
205600,63034,0
43252,316872,0
86382,692264,0
53849,221999,0
152846,555396,1
248860,285491,1
239120,503399,1
1854,295853,0
106317,924600,1
123733,908207,1
30819,582176,1
18686,135987,1
248558,245015,1
247580,132454,0
10091,757361,1
240531,752310,0
46136,921347,1
214333,303344,1
26978,121104,0
105769,376655,0
158156,220150,0
215366,357191,0
192795,935241,0
146064,94466,0
246467,22028,0
142319,119885,0
4551,290294,1
18384,133230,1
73255,18386,1
121004,7547,0
250631,572197,1
156003,53459,1
135688,365525,1
91146,788943,1
247882,819556,1
238862,257307,1
29789,350892,0
169824,4708,1
252988,126841,0
6002,163229,0
128990,696440,1
60471,93303,1
111876,77400,1
118045,686794,1
199399,619713,1
195219,468395,1
67982,202348,1
57770,12813,0
164574,67362,0
212587,26927,0
156634,112992,0
186512,644766,1
43850,92644,0
227739,685473,1
247415,12072,0
86380,692795,1
76283,346575,1
169203,648963,0
64006,343122,0
122910,118147,0
132040,433969,1
97078,911909,1
244375,940811,1
48863,725129,0
217487,158188,1
184751,897297,0
232068,654502,1
64974,659340,1
107501,673076,1
48197,230231,1
12950,38245,0
182120,534298,0
235334,781852,1
145686,804844,1
104911,14699,0
218370,374521,0
174253,829796,1
77256,3439,0
201160,345387,1
243470,82362,1
222398,154154,1
253089,126891,0
236513,19381,0
99445,952294,0
55469,182640,0
222639,16162,0
191615,234149,1
150104,453816,1
230827,514119,1
200844,2583,0
69208,18298,0
196171,545042,1
114953,620746,0
146113,95204,0
169901,4785,1
27617,943888,1
88818,751613,1
73632,596072,0
101566,381862,1
181116,862144,0
80951,558286,1
70751,950528,1
61396,40947,0
121421,246709,1
221059,338052,1
196435,907725,1
13206,204246,1
41259,446637,1
46639,851761,1
181536,72560,0
123046,204559,1
221487,676272,0
111299,235880,0
154751,536931,0
204623,949690,0
42270,68133,1
203060,899402,1
113223,740690,1
50902,232677,1
48753,321957,0
68422,190016,1
148115,648066,1
154763,536691,0
14001,103919,0
142392,671381,1
47586,368794,1
141397,599277,1
183726,947561,1
33876,13776,0
36000,723160,0
223209,132,1
47980,228978,1
157709,36889,0
138643,309225,0
149983,923549,0
63667,943180,1
10620,178131,1
253384,6015,1
200544,70827,0
72707,927718,1
24693,651645,0
143672,64384,1
95974,893881,1
112938,308696,0
186629,642845,1
205606,63074,0
244300,50840,0
128137,254955,1
15753,92161,1
161305,139676,0
70031,682932,1
40861,76775,1
155167,97653,0
145614,913043,0
43651,56562,0
241565,41344,0
65325,705837,1
116526,880055,0
55718,183701,0
217306,13045,1
205876,70626,1
6649,373504,1
150389,52478,1
53520,509521,1
109452,367747,1
37927,381251,0
170006,1826,0
92617,823334,1
211553,606757,1
169951,4621,1
32447,840084,1
178630,750168,1
36527,542224,1
140586,38721,1
181167,362367,1
218119,106364,0
113796,821078,1
213459,202789,1
8463,43422,0
180047,114656,0
18153,314493,1
225834,205016,1
125647,827432,1
46807,262344,0
68352,282241,1
55332,52122,1
170000,1906,0
144859,130995,1
133684,411151,0
187506,835359,0
51483,798708,1
62199,22700,1
10116,757211,1
216354,334281,0
35512,234563,0
228372,642733,0
78627,489201,1
254735,371955,0
184045,602868,1
147546,905079,1
87799,727008,1
140308,7918,1
128695,419847,1
153515,326430,0
144998,912781,1
144186,103105,1
49957,326395,1
82267,591228,1
197148,21423,0
67922,201772,0
110435,181653,0
122704,582425,1
249041,283150,0
156565,113696,0
120441,476043,1
7633,210377,1
109040,354075,1
236477,19586,0
149354,9328,1
112039,497577,1
99787,257636,1
158355,460138,0
113580,469130,0
8776,931389,1
140842,94789,0
207247,391010,0
52458,946032,0
7595,212836,0
116073,771825,1
15575,463495,0
221780,908986,1
155886,10403,0
76339,346091,1
117690,402357,0
54671,788701,0
66709,165125,1
46796,263323,0
250210,924384,0
171842,362382,0
10998,521,1
32737,894030,1
184789,303,0
1293,268694,0
45641,2732,1
169997,1912,1
54959,253499,1
50058,323365,0
80426,544418,1
128704,418431,1
68204,891016,1
74043,355215,1
248260,524385,0
247325,383358,1
150182,454219,0
2427,736015,1
49285,111062,0
153536,323598,0
239185,504322,1
185745,245348,0
196204,544763,1
186991,875997,1
194675,609022,1
239404,563640,1
156950,332335,0
200590,70422,0
195151,467663,0
124862,30455,0
178621,751437,1
22089,935676,1
189802,168621,1
205021,846143,1
146126,95500,0
138198,468955,1
232546,831402,1
239803,824518,1
202634,720147,0
163223,75843,0
112511,937587,1
76260,100388,0
23358,636450,1
47077,17386,0
57635,13079,0
93799,842946,1
210372,4265,0
111676,593220,0
252435,315754,1
133439,413316,0
46528,701518,1
10654,179079,0
233021,15691,0
33548,645424,0
73372,595948,1
3540,73466,0
219884,733381,1
119185,99636,0
4765,313231,0
111736,792108,1
66828,559050,1
93245,828897,1
143223,383007,1
161817,95328,0
207625,49483,0
104530,570072,1
70154,444826,0
72743,927725,1
2819,164382,0
104594,570051,1
143129,65834,1
50265,617249,1
65800,93564,0
70261,446328,1
25824,449223,0
238008,176574,0
3525,73933,0
35471,763072,0
154236,5817,1
224631,8623,0
51440,185368,0
158041,28283,1
48367,484048,0
111896,76507,0
253930,828167,1
164357,929052,1
62056,709883,1
181994,529644,0
45643,2756,1
158504,721572,1
33475,645968,0
47050,17550,1
250647,9744,1
124021,497256,1
179752,921876,1
53577,759,1
27295,425892,0
248660,109518,1
108518,792339,1
138126,12455,0
83383,626327,1
20370,447860,1
207431,389089,0
177250,600733,0
43661,56553,0
1392,268860,0
246174,245901,1
86820,695356,1
174804,17427,1
150750,31842,1
210353,4406,1
168544,442550,0
141219,199447,1
136878,217487,0
50932,854011,1
158203,219344,1
119918,700858,0
134400,246812,0
72326,825761,1
184455,42411,1
185192,480230,1
129489,173656,0
122598,117658,1
252926,125618,0
24504,369706,0
13056,38661,0
170025,1855,1
938,307079,1
159623,116016,1
200606,71186,0
169402,886042,0
72644,752091,1
38552,319970,0
14372,278990,0
170563,243031,0
158758,194213,0
98699,938601,1
23435,638916,1
45707,273957,0
247243,616526,1
80411,546230,1
217983,841,1
16121,78879,1
173581,649830,1
221434,675763,1
149365,9419,0
109232,368643,0
68977,18857,0
213661,507847,1
167178,685472,1
185762,246088,1
48859,726525,1
187853,35772,1
16883,183242,0
60092,526962,1
119122,955765,1
174768,936118,1
93080,830650,1
164471,67293,1
107625,58501,0
235911,2839,0
228960,521444,1
13477,122315,0
126589,86800,1
108582,20700,0
145024,913031,0
140460,38188,0
200439,674118,0
201815,270993,0
148826,411219,0
239372,827799,1
196579,547700,1
130756,648112,0
124969,30348,0
113206,741212,1
242341,96851,1
175766,814883,0
227571,88342,1
192462,501190,1
163094,75742,0
27082,424903,1
227753,685066,1
172265,430361,1
47684,369658,0
126351,916077,1
200997,43970,1
128100,255048,1
79617,525036,1
30814,581257,0
156106,131958,1
115021,620682,1
158223,221248,0
125187,819855,1
136388,23747,0
63610,306489,1
142941,24369,0
22756,677790,0
133306,180313,0
122665,583292,0
33736,137813,1
75849,10053,1
204055,224986,0
247127,740010,1
142668,835584,1
164324,929069,0
105456,236420,0
5138,400915,1
9573,784654,1
171560,230986,0
185031,477472,0
105145,1285,0
110593,691148,0
239169,502872,1
112169,498819,1
35811,501654,0
105151,1354,0
242273,96931,1
192980,571114,1
133230,181017,1
56433,587355,1
48889,726134,0
66853,941514,1
6884,767859,0
162692,35748,0
544,149545,0
128184,255472,1
246428,22084,0
90686,786610,1
115969,770189,1
82962,618212,1
75890,10073,0
19987,447682,1
235531,1127,0
217888,901323,1
221517,676725,0
112990,308632,0
161770,95153,0
13656,901890,1
144181,105190,1
187822,35018,1
222504,957008,1
156536,488,1
68785,874957,1
35940,848197,0
9969,758232,1
151609,78507,1
54238,679454,1
174367,8701,0
195178,466693,1
235581,1160,0
143723,63735,1
191239,28672,1
221404,676422,1
75700,612371,0
162995,585409,1
136392,23215,0
144213,104030,1
44489,889578,1
141223,198175,0
228706,521321,1
139009,474960,0
57496,349210,1
5327,399768,1
218452,614493,1
64721,331849,0
138521,309836,1
77528,461349,1
139336,124888,1
189059,282861,0
18633,133748,1
54554,190113,0
55874,80655,1
124061,497893,1
193322,694352,1
92853,823876,0
84624,660013,1
56437,587251,1
5791,838351,1
75595,612435,0
140154,7967,1
200356,673871,0
69114,18898,1
212325,759759,1
140912,95118,0
24292,60390,1
53584,738,1
64853,333663,1
33764,13873,1
229788,668729,0
137913,722865,0
36788,252479,0
87218,716952,1
195003,112998,0
238805,256309,1
68735,875088,1
141247,198071,0
110771,341702,0
155879,10411,0
169151,648521,1
218163,106211,0
209134,104908,1
4328,364795,0
123088,16473,1
26354,2206,1
127687,10762,0
131325,332640,0
47214,17122,0
198610,336123,1
151762,78504,0
2310,735156,1
61974,708981,0
197155,21362,0
172825,162915,1
201105,346273,0
77989,477202,1
208877,438620,1
176710,892569,1
249241,456498,1
79144,501554,1
108200,766089,0
178155,421111,0
23946,927959,1
193290,693929,1
174404,8698,0
50402,919016,0
8836,748437,0
2442,163945,1
232834,15459,0
152204,116127,0
227767,686617,1
161334,139738,0
250959,409454,0
188245,558898,1
150917,135592,0
113290,442842,1
206619,586456,1
168529,441710,1
12876,39138,0
33486,644329,1
3312,677533,1
210030,543430,1
104952,14597,0
12840,38206,0
254223,441828,1
132038,435331,1
22474,235030,0
28866,682172,1
60294,716338,1
5473,815977,1
29158,914871,1
8132,414589,1
170736,241118,0
38324,5133,0
131172,653729,1
24237,116185,1
162578,2349,0
240700,404498,1
16171,78564,1
3471,957753,1
174093,270557,1
26999,121483,0
162606,2276,1
68347,284730,1
107389,1743,1
199238,618665,0
53925,221672,0
119072,955215,1
246859,68707,1
133958,151374,0
55865,81132,1
218645,862334,1
137113,936331,0
158564,625553,1
78152,477021,1
59424,882428,0
241786,570488,1
226948,779637,1
74494,806535,1
141631,597542,1
151498,19569,1
23363,638039,0
231360,58093,0
6430,53734,1
20607,634462,1
100836,283216,1
90720,786793,1
160614,919839,1
207540,50250,0
119365,99803,0
140304,8274,1
5613,775542,0
156624,113504,1
35371,763228,0
11873,797718,1
43207,314785,1
845,688205,1
48012,230310,1
120951,773949,0
133614,413018,0
27831,8948,1
166948,64130,0
54908,253958,1
249014,284420,1
48558,85623,1
87530,725533,1
182533,710917,0
40413,160548,0
44626,199874,0
174845,16783,1
26034,25062,0
72210,628451,1
63163,609982,1
18021,156011,1
215508,486774,0
78711,481889,0
47041,17108,0
29212,9914,1
126210,318398,1
198767,335602,1
42960,864950,1
191580,234617,1
22074,935003,1
223959,343696,1
189635,11054,1
20501,633315,1
192320,501161,1
221520,676722,1
1370,268728,0
152105,61859,0
249126,456309,1
181685,72733,0
57673,12886,1
1280,349888,1
204876,251432,0
209919,678601,1
25456,447226,0
225617,203825,0
213317,203145,0
202052,271287,0
26363,2137,1
216528,559548,1
219721,562202,1
155151,97800,0
9303,27906,0
253798,239371,1
112739,830683,1
26655,120407,0
143836,67480,1
176289,311535,0
121902,483885,1
194582,387058,0
230865,809485,1
113710,426303,1
88011,733940,1
133040,42983,1
10628,176983,0
214169,11459,1
87888,723889,1
150127,452952,0
244602,311940,1
173810,763123,1
192559,816698,0
25364,10243,1
57383,32993,1
200287,672970,1
53893,222091,1
53948,221667,0
128262,496259,0
210866,321038,1
56345,310287,1
209295,736648,1
40416,160153,1
235522,1100,0
222827,503590,0
95190,872000,1
151306,680499,1
87486,727012,1
139603,942698,1
142814,24003,0
70067,682895,0
198752,335958,1
182276,398852,0
141412,600318,1
234552,209272,0
187903,12699,1
39079,532982,1
32692,97858,0
194474,268495,1
43696,56608,1
189735,11149,0
231211,851826,0
203789,514376,0
213275,37807,1
64788,332450,1
233752,909365,0
72494,359334,1
50949,854730,1
158665,625835,1
67990,200794,0
21333,755561,1
18724,134147,1
205074,846017,1
191342,162098,1
213169,487849,1
122537,115186,0
158215,220989,0
69559,776660,1
251772,823852,1
190656,286591,0
51743,491303,1
168557,443014,1
104696,796228,1
111257,234693,0
121003,7685,1
206161,178241,0
212491,915414,1
104317,570585,0
182957,536461,1
179576,779244,1
82228,584617,1
29792,350464,0
88811,751170,1
195144,466384,1
244929,668988,1
81423,568248,1
217417,157873,1
12890,39107,1
100810,278637,1
236934,10265,1
179574,778275,1
190359,561009,0
156757,332114,1
61762,508146,1
249544,128375,1
231012,937199,0
107731,58523,1
79782,525022,1
61788,508098,1
222887,502904,1
215536,487300,0
212835,578674,1
156742,330547,1
97968,926425,1
249008,284231,1
73125,39802,1
20172,447616,1
215786,45434,0
6774,768069,1
148982,707423,1
150047,292451,1
237112,102405,1
83907,640812,0
127920,255412,1
49193,300936,0
166925,64507,1
224260,104379,0
228569,60154,0
207781,279671,1
192572,816810,1
224251,105473,0
190421,563300,1
138856,476197,0
179665,779508,1
155117,98513,0
204212,224255,1
161280,140001,1
31989,46652,1
71139,455363,0
18266,314613,1
220773,625703,1
39331,532925,0
158321,458149,1
167415,109200,1
199466,618243,1
165931,300057,0
149843,734446,1
15773,91884,1
62237,22273,1
114302,853678,0
31637,434374,1
155745,84933,0
47185,17469,0
235717,535546,0
60832,828049,1
46838,263285,0
225450,60932,1
158013,27974,1
248788,108583,1
69121,18441,0
104883,14434,1
202372,461298,1
28594,655031,0
148370,733026,1
208890,438703,1
223350,461211,1
185313,738365,0
112155,498973,1
193819,74436,0
128834,419029,0
217611,156930,1
135111,7336,0
213649,508058,1
254126,9792,0
152529,867317,0
75423,305751,0
154543,33465,0
233405,482433,1
218090,106199,0
94634,857506,1
231281,57751,1
105076,805230,0
221515,675543,1
80422,544412,1
31974,46418,0
120168,124031,0
81190,563969,1
151363,679295,0
66374,86317,1
107415,1810,0
154484,33760,1
187769,35763,1
51249,186513,0
63612,306226,1
66684,164238,1
217594,157741,1
117470,405125,0
162392,52026,0
92895,824865,1
185163,478202,1
32531,97921,0
99712,262628,1
180531,242254,0
251722,577339,1
211074,4213,0
18888,277650,0
230149,575188,1
6006,163534,1
179158,20411,1
56643,249516,1
205822,956052,1
229518,359577,1
37108,119336,1
160678,24917,0
56373,310290,1
242831,50474,0
55463,52353,1
95102,861576,1
44112,83677,0
53350,687920,0
69843,96065,0
34960,292091,1
60890,19724,0
35352,647403,0
32213,156857,0
10561,179031,0
236680,375848,1
198536,146653,0
28110,289252,0
27443,425706,1
208401,608614,1
253828,237970,1
17383,405786,1
98031,924222,0
126157,924682,1
68351,284583,1
140336,8286,1
163307,76094,0
213836,878383,1
161901,94572,0
49172,301688,0
184415,42335,1
199520,887609,0
129475,171705,0
202703,719947,0
33794,13529,0
139482,753173,0
254767,372034,1
119327,99920,1
206688,588540,0
204931,845660,1
29870,348584,1
95376,866032,1
149219,9392,0
128639,420697,0
207686,49482,0
142110,118304,0
69390,596790,1
244434,940135,0
170569,241483,0
9560,785477,1
69160,18447,1
116295,770685,0
83014,618584,1
165280,716347,1
126773,86409,1
144190,106953,1
127734,11000,0
102439,396120,1
247401,12095,0
9452,831250,1
244455,940138,0
144393,743422,1
6711,373531,1
156844,331899,1
69365,598086,1
53856,220732,0
168985,843699,0
151163,680108,0
221062,335914,1
6445,53725,1
107632,57911,1
56413,310518,1
17404,831071,0
33569,137622,0
166784,64362,1
66417,86497,0
249174,456770,1
205971,70934,1
24687,651130,0
66886,941476,1
214485,301001,1
152342,55587,1
234986,106212,0
78892,490905,1
167659,109285,0
212779,578561,1
199539,887729,1
150280,798657,1
192239,501309,0
238634,283627,1
215535,489344,1
173940,128728,0
36562,542388,1
6919,768034,1
22975,151038,1
69941,96599,1
195730,42130,1
241066,1504,0
140163,7941,0
48147,230364,0
215086,356706,1
155878,10397,0
241588,41319,0
5700,776163,1
76088,101863,0
7874,54599,1
157196,494261,1
222487,153260,0
48052,229906,1
146211,791184,0
235008,105554,0
58476,551180,1
8236,822888,1
59639,874863,1
161799,95271,0
208500,609318,1
124680,31075,0
130044,13470,1
175395,144046,0
191749,232861,0
6388,52844,1
20121,451829,1
13555,621051,1
89526,761488,1
145757,804305,1
2748,165781,0
93977,841748,1
217063,849637,0
243508,81784,1
249102,454854,1
144999,913057,0
57889,231360,1
139970,550377,1
178545,841998,1
213259,37007,1
35824,502462,1
237771,29968,0
213790,508032,1
74342,806738,1
53558,729,0
66014,455488,1
82999,611583,1
52818,293900,1
40729,77117,0
143586,66917,1
242849,50379,1
154556,33951,1
88082,734268,1
34675,127346,1
3790,714229,0
198609,335672,1
79371,503876,1
118440,268208,1
144320,738279,1
158016,28222,1
193859,74340,0
125953,168355,1
199193,422364,1
234643,209590,0
52624,25590,1
103086,420554,1
236265,751383,1
157669,36995,1
218112,106183,1
58937,223730,1
83746,640852,1
204612,949475,1
156735,331904,0
122846,117874,0
147339,104891,1
38048,258158,1
101320,328244,1
18946,275197,1
159207,957469,1
3849,713942,1
124164,32757,1
172644,852348,0
111097,343494,0
57913,233039,1
209337,49033,1
7394,89313,1
223737,52235,1
205940,70503,1
81653,579927,1
46788,261743,0
157456,685351,1
158374,823257,1
191412,161957,1
145246,192870,1
159151,197426,0
178913,910402,1
26078,24749,1
35823,501010,1
42551,687500,1
131552,59062,1
73224,18921,1
140736,51161,0
167189,685248,1
197077,21036,0
10778,763981,0
118934,22978,0
156685,113348,1
95133,864389,1
58445,551256,1
102065,394766,0
159979,671158,1
172986,162275,0
227249,604480,0
200639,70761,0
162383,52088,0
26963,122209,0
57627,12935,0
107631,58455,0
203485,275406,1
11929,903619,0
143712,66692,1
69287,596881,1
208767,769374,1
163208,75364,0
146276,169922,0
206433,386032,0
38014,257949,0
44771,199895,0
224690,8612,0
44675,199891,0
114430,673230,1
1755,295735,0
47271,724185,0
139967,550439,1
187790,35213,0
234197,34533,0
112774,830514,1
225169,3692,0
215236,358137,1
8462,43030,1
91611,801329,1
56428,587828,1
216154,333896,0
13533,620831,1
206184,178572,1
91778,810910,1
69439,597150,0
175841,82512,1
231642,140449,1
228792,519237,1
106225,800886,0
64828,334545,1
163848,863188,0
198280,355,0
22943,150565,0
72033,62371,1
135930,365406,0
185536,6613,0
116003,771926,1
110532,15011,1
250199,749423,1
157077,496073,1
145431,190655,1
102999,420607,1
38619,319619,0
88019,735163,1
78172,472856,1
51765,492534,0
123139,16770,1
14206,277454,0
56523,587381,1
160774,24639,1
140525,38476,1
140548,38010,1
9418,27903,0
193058,568343,1
188231,556378,1
28045,289153,0
186792,316821,0
20288,451138,1
76256,101038,0
91591,802265,1
246468,21967,0
193820,73376,0
123163,16572,1
159486,116820,1
58196,432081,1
154585,536354,0
251017,409812,0
208905,438768,1
149676,734616,1
44213,926730,1
32560,96797,1
38303,5270,0
29923,350932,0
224614,8424,1
146234,791744,1
145794,915457,1
21678,848340,1
177288,598470,1
197864,516157,1
222048,7785,0
80698,542228,1
159631,116340,1
64817,334569,0
202513,459369,0
60527,93444,1
142489,670798,1
34509,913813,1
232376,765783,0
227639,3790,0
4357,291827,0
145060,913039,0
13373,25881,1
177860,64527,1
52345,664407,0
56057,111547,1
96421,900497,1
134750,432025,1
218583,862452,1
92020,807400,1
247372,384195,1
150425,580700,1
107353,790106,1
6365,475097,1
210483,75565,0
52498,946044,1
157453,684408,1
153706,669745,0
103292,433427,1
177868,64593,1
145112,193042,0
188241,559279,1
159180,957587,1
49892,326123,0
180291,582466,0
33766,13794,1
140199,8107,1
187478,835507,1
67501,100207,1
38992,532853,0
73281,18973,0
61738,507911,1
244597,310062,1
96042,894516,1
157413,859813,0
81538,566418,1
106914,465729,1
213681,509084,1
204836,252148,0
193059,569261,1
42031,852595,1
145339,190704,1
189489,55625,0
240449,344508,1
124513,161062,0
72596,445420,1
178428,841084,1
166472,646348,0
219173,357292,1
118534,332308,0
22781,677557,1
255517,57218,1
193653,74044,1
1896,689976,0
227378,728673,1
615,149516,1
134509,249548,0
153995,669667,1
24043,860453,1
219032,357174,0
12265,690397,1
78068,477483,1
255456,57284,1
150394,52468,0
39793,17951,1
213364,203001,0
228742,521363,1
199537,887596,1
71428,577039,1
250658,9643,1
203996,224346,0
206228,178033,1
155829,84064,0
32163,813391,1
39500,784397,0
176971,54841,0
187524,835137,1
210481,75369,1
4693,310783,1
151704,79262,1
140355,8067,0
241642,41216,0
242889,51201,0
162059,364633,1
187617,773293,0
1540,832273,1
81945,594001,1
64172,760905,0
243766,865604,0
141202,199586,1
69080,19211,0
127694,10877,0
19984,447711,1
218011,106055,1
111891,77657,0
196680,596225,1
127440,126207,1
87600,726741,1
34833,291978,1
183325,740303,0
206552,387561,0
46004,584615,0
106512,5540,1
158067,98721,1
117445,404173,0
218304,375614,1
137597,421667,1
245644,897073,0
205000,846624,0
148881,411886,1
34208,147604,1
227905,13486,0
184096,833681,1
145823,915969,1
206668,588879,1
119443,773507,1
151728,78730,0
219352,10596,0
49699,238172,0
182379,401870,0
41678,833791,1
222453,153821,0
145414,192952,0
206084,176255,0
16217,78900,0
191496,234392,1
74719,951848,0
106435,914164,0
227129,296732,0
225594,60705,0
225970,206051,1
17401,830209,1
142288,118217,0
56903,847913,1
152391,55507,1
240979,78653,0
69042,18676,1
232901,15584,0
20583,633442,1
22023,935696,1
249251,456308,1
180122,115469,0
106510,5400,1
19085,280366,1
28604,656809,0
172329,428156,1
198802,336407,1
96488,896739,1
150070,292854,1
74793,941578,1
184434,42462,1
230038,814244,0
77040,3362,1
42547,687491,1
133644,413314,0
140111,8204,0
980,307267,1
16610,340101,1
177898,64577,1
128188,254613,0
58702,943500,1
64387,838560,0
73376,597974,1
234935,105600,0
144398,741231,1
196174,543904,1
249233,456446,0
127827,11033,1
147252,955465,1
239753,824349,1
56009,822940,1
216300,332544,0
184163,832997,1
140146,8271,0
236056,251583,1
222422,152095,0
18160,314758,1
185286,736956,0
70915,913677,1
252878,125929,0
218549,862600,0
54575,189307,0
154738,539090,1
56032,822655,0
251706,577710,1
217725,779987,0
179309,429416,1
127219,930257,1
220586,69091,0
86903,703122,1
247834,540929,1
137619,421771,1
216990,793476,0
43774,944829,1
161453,801160,1
221572,951656,1
149477,67018,0
16927,183158,1
253389,6324,1
110233,181501,0
35899,848267,0
183078,538637,0
209171,105014,1
224795,594897,0
119727,713542,1
101165,328300,1
26218,865454,0
186726,920427,0
35212,439589,0
209390,49082,1
77562,461986,1
253232,904486,0
141478,598904,1
170922,463846,1
169932,4745,1
152632,555837,1
106657,5511,1
32030,45831,0
67583,619165,1
49988,326495,1
245824,546901,1
207920,256774,0
108773,20771,0
120866,773932,0
32575,98016,1
128019,255232,0
4808,311479,1
127060,264909,1
17089,622239,0
37091,118675,1
121074,7701,1
199586,886768,1
184795,295,1
185566,6380,0
209569,384075,1
235600,534050,1
191601,233933,0
111154,784690,1
29523,134644,1
140222,8288,0
251591,929258,1
156621,112357,1
143357,849964,1
23153,187488,0
66481,85518,0
225948,203566,0
33688,136288,1
157335,861193,0
223330,461509,1
146046,95049,0
140487,38108,0
113867,820923,1
175017,849945,1
233160,215134,0
235941,2870,1
252046,12732,0
106299,801261,1
179221,20427,0
237383,473579,0
194711,609026,1
7590,212753,0
874,689729,1
68340,284578,1
194529,268484,0
143753,65221,1
155688,84766,0
160694,24985,1
75294,305485,1
213255,37835,1
140395,7876,1
155226,97888,0
125920,808596,0
4065,725728,0
123429,262355,0
237007,101995,1
161223,139945,0
85174,673079,1
165129,716380,0
106983,466592,1
173555,650579,0
57347,33078,0
77067,3409,1
150849,135494,0
247752,542828,1
240588,402861,1
124842,30345,0
252883,126749,0
30807,581699,1
69775,3148,0
112856,915650,1
251891,12363,0
235118,106653,0
158420,823200,1
222767,16745,0
7909,54744,1
84312,652572,1
17600,746071,1
215367,358397,0
130939,933736,0
6612,373542,1
212728,27037,1
120701,627692,0
150532,580632,1
9281,491203,1
225901,206104,1
146659,169945,0
180347,582041,0
218307,375580,1
23336,638820,1
75428,804084,0
230387,272399,1
173973,129557,0
125097,856022,0
209210,735921,1
180252,582272,1
66021,456845,0
196543,547238,1
218932,356481,0
41379,667083,1
195191,467757,1
161255,139975,0
61944,406603,1
51861,490287,1
63860,398442,0
253210,905333,0
127753,10746,1
7870,54688,1
128223,254680,0
127092,265065,1
212601,26634,0
253287,905318,1
156423,782858,1
124628,161144,0
218794,356092,1
150698,790745,0
64073,343236,1
239188,505063,1
124743,30613,0
184139,833885,1
244784,668800,1
221428,676523,0
77246,9482,1
172850,161996,1
147168,955268,1
126937,499148,0
59738,874875,1
54764,940071,1
2472,165986,1
98795,939642,1
105557,377578,1
101983,388742,0
72385,825707,1
6461,53756,1
224658,8554,1
141821,118739,0
202125,460048,0
151399,660037,1
200884,2470,0
143481,682915,1
31054,746461,1
106468,914278,1
160908,63404,0
132609,140921,0
214818,949288,1
184820,283,1
144584,454257,1
195464,393234,1
48939,725844,1
63859,396596,0
113963,888286,1
171819,360325,0
590,149553,1
195777,41756,0
10105,757923,0
34031,147621,0
237382,471043,1
170503,757639,1
196215,544402,1
127507,547905,1
181936,532064,1
128705,418378,1
163991,922543,1
110489,179793,0
147241,955571,1
254065,9797,1
33691,136765,1
190210,798074,1
108647,20682,0
108381,807154,0
210246,540572,1
241113,1621,1
136330,818788,0
137436,211896,1
160210,286950,1
12214,750782,0
112480,937360,1
67449,337995,0
59063,223947,1
114043,427378,0
108120,255053,0
94224,850739,1
204801,251628,0
162701,35355,0
69217,18514,0
1795,295850,0
71888,944059,1
237297,472332,1
82622,602492,1
124394,161276,0
250126,11363,1
126309,318890,1
217766,780309,1
42730,5016,1
107167,479478,0
190787,210559,1
157286,860916,1
186781,919332,0
30831,582529,1
23236,186994,1
254306,708895,1
133998,150171,0
107429,1677,1
121130,7609,0
252616,631401,0
66647,165099,0
251887,12491,1
75875,10050,0
146738,169348,0
203164,49964,1
22954,150837,0
234920,106114,1
58556,436828,1
14930,533993,0
90665,786890,1
173139,435625,1
79530,503282,1
73164,40081,1
107436,1744,1
241028,1517,0
128676,420185,0
124162,32753,0
184764,897283,1
77072,3336,1
200866,2397,0
233307,215425,1
185317,738645,1
239014,504572,1
97117,911986,0
120352,622831,0
126665,86457,1
220580,70160,0
196570,544789,0
207394,391263,0
185238,479189,0
205862,70566,1
128448,498343,1
195315,395406,1
52859,294952,0
19509,274777,0
68488,191197,1
17475,11849,1
136451,23383,0
10256,698444,1
118497,928726,1
171825,362117,1
53928,221840,0
46047,921062,1
217651,755552,1
227937,13395,0
152412,55807,1
89148,760475,1
32233,157048,0
188729,631246,1
67418,337511,0
188688,722137,0
179856,765486,1
28518,738221,0
141372,199545,1
156753,330960,1
192604,816363,0
185006,477801,0
12849,38453,0
52791,26213,1
153783,668294,0
228396,642244,0
95720,885718,1
175400,144341,0
179533,779200,1
3198,677817,1
229666,300630,1
125583,660449,1
180905,718833,1
119790,701524,0
154479,34000,1
107674,58391,0
87686,726858,1
81742,579827,1
207803,281806,1
213224,37802,1
4752,311386,1
199122,422504,1
167436,110124,0
101499,388857,1
95477,875583,1
166819,64484,1
93186,829677,0
186790,314250,0
76166,101487,0
46584,850360,1
61184,816692,1
213907,876404,1
16126,78421,0
57683,12773,0
165795,55938,1
35993,723573,1
172794,163105,1
199995,148501,0
127434,126255,1
101549,377415,1
200934,2491,0
126842,14852,1
29250,665428,1
235480,782247,1
97110,912171,1
40841,76743,1
201108,346474,1
114803,337392,1
193227,570807,1
72595,445644,0
209655,591531,1
11793,797980,0
152197,116819,0
132933,788031,1
216316,334010,0
19680,277676,1
126631,87103,1
131844,810238,1
75651,610670,0
72277,625979,1
237863,29429,0
16669,340496,1
66741,560317,1
242297,96748,0
170791,461867,0
176966,55035,0
49568,21885,1
48786,321873,1
39504,784015,0
4085,725924,1
157127,495045,0
166611,555771,1
227386,728710,1
131593,38072,0
170008,1930,1
229644,358400,1
127641,10827,1
220862,381120,0
109269,368695,0
205801,955267,1
158322,460047,1
51674,490497,1
203239,274674,0
165174,717565,1
73545,598187,1
172772,162804,0
134437,248821,1
10357,698836,0
12313,691108,1
146370,168999,0
108580,20825,0
110554,15148,0
241554,41263,0
56343,308256,1
152516,867124,1
241684,41389,1
49043,301463,0
149056,706653,1
123666,44999,1
162454,52099,0
160811,24125,1
70155,446431,1
162871,271987,0
122360,720255,1
7454,89293,0
197256,397479,1
154313,5958,0
244252,50848,1
37484,881476,1
191298,28690,1
28483,738236,1
141276,197333,1
217584,157360,0
7847,54458,1
195024,113137,0
169400,885913,1
205390,62937,0
40203,241890,1
38006,257179,0
170089,167143,1
200623,71243,0
131469,59184,0
66120,456320,1
58926,223267,1
182031,534206,0
8746,43421,0
217469,157179,1
138119,12495,1
122570,121280,1
122867,118129,0
22909,151023,1
113265,443646,1
103483,427799,1
136424,23784,0
26315,2027,0
163183,76031,0
169794,4611,1
144007,683341,1
199055,422494,1
160286,287525,1
198760,333949,1
44091,83496,1
135157,7271,0
80480,539477,1
226723,624902,0
124141,32311,1
207264,390239,1
177843,64500,1
18041,156465,1
158343,460279,1
37045,119575,0
199602,769830,1
198155,517046,1
145964,94552,0
161700,95321,0
178647,807651,1
96095,893380,1
173821,764588,0
189605,55530,1
111910,77307,0
144168,108173,1
250400,827240,1
25733,449548,1
165698,144644,0
158198,220298,1
129327,775697,1
179560,779786,1
178657,808322,0
107877,6833,0
56029,823050,1
22792,677597,1
54456,188910,0
150291,799285,1
163240,74599,0
143013,65700,1
173757,764362,0
167657,110114,0
218240,375209,1
140354,8268,0
194585,387632,1
77042,3330,0
46669,850733,1
111351,236033,1
249139,456522,1
120993,7519,1
226325,317321,1
217134,849633,1
134868,769372,1
1865,690895,0
200757,948047,1
132497,141388,1
151216,678671,0
121456,248115,0
211831,10512,1
145113,193137,0
243522,82446,0
180043,115610,0
227786,686710,1
32381,157665,0
131964,435246,0
149228,9545,0
236438,19575,0
189099,280927,1
245864,546495,1
235921,2892,1
142643,835882,0
17784,741376,1
174925,305242,0
74417,805999,1
178565,750013,0
77028,3294,0
106627,5434,1
245314,696641,1
205380,63103,0
147875,885239,1
63986,341886,1
5973,163571,0
204248,223831,1
243577,82441,0
105146,1316,0
176098,729142,0
246537,600438,1
49706,237779,1
230781,519029,0
5685,776293,0
246103,243916,0
77118,9345,1
149215,9520,1
54094,222081,0
19397,280521,1
77412,461559,1
204861,251838,1
55672,182149,0
139682,123753,1
249929,324139,1
28616,656863,0
186064,244766,0
179871,765622,1
213487,203190,0
226619,625550,1
47647,369848,0
190445,564080,0
179070,628976,0
229123,251302,1
207666,50229,0
207857,280709,0
228456,60587,1
161054,63729,1
24892,649922,1
72623,445682,1
139521,753062,0
82118,592830,1
119390,98945,0
226566,625267,0
184520,278824,1
231739,80331,0
166051,301389,1
222711,16639,0
251586,928497,0
81254,554334,1
249184,456002,1
164690,866999,1
110859,343630,0
29750,348622,0
194196,946232,0
185423,738179,1
148942,707309,1
185959,245209,0
48356,485851,0
233493,629557,1
148981,707303,1
125171,820076,0
186759,919267,1
201747,58473,1
129168,834612,1
133543,411245,0
53702,663802,0
227042,780282,0
115332,130703,1
101046,288078,1
185047,480266,0
242703,818408,0
205350,62329,0
66898,941737,1
133942,150251,0
213582,509292,0
203102,49897,1
242924,51039,1
178903,910405,1
93229,830273,1
191014,383189,1
126813,926696,0
2506,164472,0
136961,218665,0
38182,5192,1
7706,212211,0
238010,174825,0
236379,19991,1
144184,108276,1
234392,208158,1
175783,814632,0
188712,631358,1
50731,61873,0
23505,638980,0
65804,93531,0
224664,8482,0
69911,95650,1
134274,151856,0
112800,830649,0
220331,615074,0
80819,563604,1
254122,9591,0
106159,801403,0
253470,6291,1
129922,926739,1
131639,37556,0
8553,43085,0
248650,108464,0
159514,116696,1
240066,842787,1
45763,275940,0
106174,800653,0
50059,326410,0
182138,535531,0
149743,734388,0
213348,202776,0
13827,102506,0
192129,391437,1
144107,303330,1
164007,896180,0
227629,3910,0
83084,618547,1
28216,288905,0
33515,645362,1
8517,43176,0
243375,108435,0
87886,723771,1
73393,596187,0
77866,474896,1
59077,664705,1
49370,112201,0
199063,422691,0
142135,118629,1
112871,915661,1
118390,268251,1
19790,447759,1
51981,838105,1
3653,73808,0
19122,274611,1
193670,74341,0
232786,837328,1
35566,233804,0
151156,680233,1
58952,221537,1
128229,499112,1
174510,327721,1
132120,754969,1
154350,5677,1
41652,667210,0
75013,832243,1
7342,89040,1
24024,861325,1
56006,822270,0
147523,736678,1
98126,924050,1
67137,408484,0
81175,560636,1
126323,318701,0
151803,486567,1
157443,683603,1
17719,760879,1
140348,7931,1
144211,106171,1
67077,139315,0
16379,949379,0
25623,450867,0
24893,652070,1
131290,335589,1
203575,515863,0
221563,951352,1
101461,385163,1
246001,246181,0
125551,660969,0
74904,942244,1
14454,278169,0
245205,17625,1
144233,108872,1
144175,107995,1
102868,415826,1
228541,60505,1
73453,595368,1
77059,3320,0
136494,23666,1
43911,92678,1
177876,64180,1
222803,505861,1
76204,101602,0
254751,369348,0
176651,892611,0
10094,757931,1
82664,607428,1
146034,95629,1
42522,260171,1
176370,310220,0
204252,222311,0
139608,943108,0
166790,64584,1
217424,157510,1
190256,796679,0
46943,17552,0
243681,81972,0
121127,7593,1
32757,893255,1
87741,720814,1
3125,633316,1
50866,232749,1
122571,121324,1
21198,756339,1
106322,924734,1
73068,174751,0
44127,83208,1
137596,421740,0
180023,115055,0
126793,926661,1
219058,356033,1
196697,596567,1
130486,396499,0
210739,321925,0
68581,395837,1
39587,842141,1
234893,106298,1
156967,332495,0
225567,60815,0
131249,332710,0
149830,734544,1
121032,7625,1
152193,117309,1
150580,790573,1
198296,376,1
182685,768059,0
38628,320009,0
118835,665953,1
23232,187039,1
144219,107586,1
190550,563970,1
213469,202739,1
111849,76963,0
25825,449123,0
143675,66991,1
150554,580982,1
4688,312436,0
187772,35943,0
214660,303019,1
966,308245,1
136437,23186,0
95562,875340,1
228553,60459,1
201018,43973,0
252109,315307,1
158519,721592,1
86889,705349,1
142818,24528,1
186839,316527,1
44058,82980,0
250698,9636,1
148303,48859,0
4952,310909,0
126997,500805,0
112843,915660,1
217962,946,1
11076,136944,1
75375,306952,0
237222,472137,1
199936,932461,1
201551,859668,1
143111,65116,1
101635,379876,0
141812,120066,1
18127,156528,1
160650,24675,1
241364,730357,1
213707,509114,0
152775,556275,0
52799,26105,0
120634,475198,0
7386,89184,0
63288,799027,1
81820,576167,1
133536,411346,1
180481,16947,1
52617,26098,1
241604,40540,1
64097,947140,1
67013,139319,0
43877,92377,1
181260,362294,1
248426,243795,1
238821,256221,1
124095,32912,1
36946,252336,1
79282,504792,1
84049,629530,1
190661,287123,1
48540,86309,1
13618,792513,1
218434,613913,1
66781,560531,1
72990,175052,1
128222,253264,0
79205,504752,1
217381,156784,1
33692,137457,0
129991,13357,1
5670,774707,0
92080,810970,0
215116,358516,0
137299,210927,0
151099,135001,0
53946,222032,1
46889,262393,0
155461,801855,1
138909,475245,0
142303,119025,0
138384,841016,1
135090,7348,0
210867,322349,0
122197,386837,0
53875,222140,0
127348,125627,1
175695,814533,0
128180,254704,1
23328,638306,1
173827,764469,0
158262,460147,1
143044,65765,1
212609,27186,0
19804,451595,1
130176,196108,1
53572,775,0
82310,584492,1
173933,129777,0
135253,7393,0
92876,822848,1
5784,837710,1
169774,656029,1
159641,115608,0
241490,41218,1
29190,9911,1
68237,891042,1
171142,12146,1
179674,779814,1
143157,65209,1
117254,225239,0
162537,2346,0
193563,73791,0
111168,784993,1
108437,48917,1
28704,657022,0
51617,29599,1
138699,309813,0
46424,237446,0
77635,454646,1
228575,59876,1
159955,261009,0
8034,303767,0
1435,916625,1
49321,111690,0
151502,19764,1
194209,947154,1
205539,62357,0
12894,39218,0
69715,3006,1
86252,689649,1
13680,901279,1
165233,715121,0
235078,106515,0
47090,17340,1
217932,949,0
60469,92937,1
98609,937339,1
27914,8969,0
221640,745230,1
3239,677717,1
68578,395889,1
163362,66408,1
191999,389966,1
19602,281716,1
144223,109014,1
186932,316522,1
56296,307903,1
17525,12004,1
173888,764457,1
73170,39133,1
252499,633423,1
15411,819765,1
135835,364303,1
147249,955529,1
196243,544810,1
13352,25976,1
94980,863889,1
173786,764476,0
218686,744294,1
128369,496781,1
28794,655623,0
227104,909938,0
116935,879930,1
236923,10251,1
107280,478446,1
242909,51094,0
138543,309648,0
170062,1947,1
53389,483855,1
223064,831796,1
217096,849578,0
178505,841851,1
221877,909015,0
247359,383248,1
179969,114951,0
1165,350871,1
249109,456511,1
103874,444775,1
150203,451225,0
183288,739933,0
213994,427311,1
99999,168169,1
237278,473551,1
202728,720000,1
128743,418797,0
242667,512751,1
109711,464252,0
229053,251956,1
37934,379860,0
133532,413069,0
237136,102812,1
243993,664538,0
222743,16227,0
2336,736096,1
79933,521055,1
8603,42516,0
146626,169874,0
56234,128336,1
228132,857392,1
193578,74509,0
1375,268321,1
251254,90728,0
124859,30593,1
126227,318661,1
207599,50233,0
93226,830678,1
53798,663932,1
9521,785457,1
189062,282592,0
221516,676094,1
24145,117024,0
193805,74297,0
45659,276116,1
251126,709735,1
151478,19619,1
177839,64532,0
252564,631942,0
121507,248270,1
190612,288838,0
98045,926144,1
143791,64270,1
23442,638987,1
177754,488197,1
100827,284608,1
36967,119399,1
18202,314628,1
158091,99123,1
254783,372126,1
14514,572936,1
115500,770297,0
44314,319310,1
187233,522674,1
47003,17123,0
124947,31230,0
190259,797445,1
47899,952690,1
196349,591615,0
72370,825618,1
204115,222622,1
28748,656853,0
117804,687745,1
69011,19064,1
209847,677878,0
163530,65361,0
22672,494967,1
152630,555955,1
46793,263552,1
27814,9039,0
35731,501709,1
216118,334039,0
53823,663927,1
181732,72564,0
158996,195274,0
252860,126393,1
56237,129214,1
150388,52542,1
181881,533604,1
250955,208619,1
167654,109390,0
223783,52587,0
217950,843,1
776,774992,0
89110,760902,1
19376,281896,1
241928,569843,1
18983,276549,1
53877,222080,0
236302,750331,0
32266,158928,0
195704,466316,0
141279,198103,0
19786,450814,1
182325,401838,1
218668,742415,0
113463,657235,1
134874,768910,1
114288,854018,1
9988,758303,0
152419,55522,1
36820,251772,0
214842,812032,0
10641,177782,0
120239,846715,1
25970,903792,1
194672,607811,1
224911,28433,0
157825,36283,0
109532,950962,0
219370,471066,1
101190,327594,1
163071,76119,0
104803,14938,0
82590,606150,1
140347,8117,1
129717,173451,1
62397,296628,1
50479,107893,1
204140,224008,1
143979,684206,1
176879,54156,0
189504,56057,0
89897,769100,1
54347,188537,0
185307,738273,1
174774,935532,1
37324,956738,1
189886,167884,0
123779,36459,1
28862,682075,1
10526,179324,0
58672,943160,0
55935,823096,1
4563,291418,1
26623,120841,1
215358,357532,0
4481,291815,1
218744,744068,1
150082,292016,0
101595,387283,1
42974,865178,0
197678,84613,0
156751,331990,1
10946,575,0
180375,581474,0
134016,151562,0
69864,96556,1
155940,53968,0
70087,680979,0
19241,277680,1
8756,931792,0
180320,582207,1
186303,424262,0
76240,101520,1
217723,780195,1
115578,770892,1
152860,555569,1
115244,121416,1
4560,289918,0
139622,942632,1
24779,652041,0
194375,753099,1
66076,455126,1
185768,244085,0
55911,822946,1
254386,58388,0
53146,957023,1
187926,12726,1
196252,542024,1
225316,60921,1
169168,647943,0
22493,234965,0
56464,587648,1
123876,36754,1
233937,265447,0
149369,9576,0
17896,740452,1
27730,9070,0
19099,274592,1
142536,671339,1
253891,828311,1
63796,398447,0
24494,368944,0
206719,588453,0
228435,641891,0
122937,204858,1
238285,176486,1
56024,822980,0
247527,132426,1
39964,584493,1
69865,96572,1
138075,891239,1
14567,575197,1
160011,671535,1
68814,874759,1
241659,41346,1
231928,829598,1
167168,685385,0
133602,411295,1
236902,10160,1
58331,432264,1
34530,914128,1
214494,302687,1
146252,791542,1
56004,823082,0
107652,57928,0
205331,62237,0
208866,438525,1
21809,848839,1
72546,359270,1
105131,1279,0
110057,44318,1
114032,427602,1
8238,822999,0
167396,108643,0
22021,930044,1
149146,273908,1
237172,102350,1
213571,203181,0
155754,85292,1
128153,253020,0
24821,651374,0
101150,328195,1
142383,671202,1
149217,9279,0
193251,691722,0
129598,173382,0
201643,59116,0
250307,69037,1
146133,94748,0
171307,231159,0
87047,713154,1
213055,489306,1
139072,825440,1
178204,420932,1
70775,950222,1
59589,710472,0
144235,742353,1
167756,149616,1
183376,740301,1
45173,482477,1
48105,228943,0
87896,727160,1
8454,42978,0
169908,4764,0
150125,452479,1
33757,13903,1
233801,265841,0
25068,872548,1
10198,698697,1
55758,81112,0
10951,624,0
19109,276970,1
251978,12563,0
68562,396078,1
7881,54542,1
55860,81069,1
135189,7473,1
176707,892416,1
222402,153897,1
217726,779923,0
178543,841659,1
15263,538091,1
167933,817914,1
100398,163935,1
24852,650740,0
144202,106707,1
60570,93567,0
131427,58923,0
187746,35911,1
18072,155264,1
202244,458349,0
242498,96991,1
72698,927651,0
228563,60329,0
50480,107747,1
12989,38894,0
9161,478403,0
144178,108991,1
9163,480445,1
14019,103702,1
195351,395343,1
237968,176586,0
33280,859380,0
174100,269449,1
198468,146394,1
122411,115152,1
121154,214299,1
55981,822572,1
102576,403792,1
241873,571486,1
19695,278122,1
132393,924130,1
194902,47936,0
157504,820545,0
136496,23759,0
14572,575469,1
159243,957338,1
204644,252478,0
176801,54947,0
68551,396072,1
68547,396056,1
118393,268200,1
182447,710712,0
220702,625882,0
224056,957295,1
138834,475352,0
177679,607598,1
155260,98523,0
252338,315772,1
106370,924777,1
45454,811455,0
49926,326198,1
145620,912657,0
198648,336040,1
27508,944579,1
1663,7026,0
155163,98443,0
103452,431919,1
89042,750369,1
61769,507241,1
13581,620881,1
36740,946284,1
103484,432902,1
168846,661195,1
43954,92691,1
148182,48715,0
229660,300848,0
152355,55771,1
249549,127743,1
165583,144152,0
69714,3114,1
39646,268055,1
138350,472568,0
118632,330417,1
42154,914832,1
224946,28092,1
152367,55483,1
174795,17287,1
48,954013,1
237151,101801,1
239671,744164,1
177273,599639,1
146099,94897,0
20665,635085,1
54638,788730,0
199387,619785,1
248867,285361,1
157761,36621,0
111823,77640,0
5776,838173,1
116773,878987,0
13033,38325,0
246437,21964,0
115758,771591,1
53560,684,1
51081,854237,1
1583,7088,0
140944,93797,1
43598,859581,0
216458,559910,1
210270,4470,0
160668,24950,1
35821,501378,0
110038,43785,1
243307,108436,0
254267,442330,1
28504,738482,1
65315,707126,1
56010,822898,1
104264,569814,1
199223,422322,1
218048,105675,1
98808,943988,1
191296,29019,1
72706,927553,1
95309,865775,0
12056,827464,1
126955,501438,1
199479,887080,0
224159,105475,1
17516,11889,1
156131,132316,1
114396,853595,1
191437,930261,1
218651,862515,1
76202,101275,0
136762,305165,1
19751,448781,1
200838,2558,1
229457,359186,1
46876,261257,0
249443,917119,1
48911,725321,0
110774,342693,1
143441,681735,0
235675,535021,1
227869,13443,0
182372,399886,0
99610,259826,0
218038,106355,1
221912,741560,1
113982,889274,1
9443,830281,0
36602,543173,0
101773,387754,1
80901,561371,1
159202,957559,1
201132,344856,1
4557,291436,0
13678,902381,1
203737,514344,1
156401,783765,1
173213,437657,0
5653,776124,0
147190,955428,1
91292,794449,1
184311,699582,1
1150,350916,0
245148,18059,1
47182,17126,0
35219,438565,0
241341,730883,1
156836,330327,0
13524,123412,0
148671,172759,0
135,953816,1
170584,242879,0
147172,954936,0
255450,57181,0
217032,793521,1
7452,88834,0
108709,20701,0
242421,96251,0
23603,941565,1
44034,83911,1
223393,460286,1
181405,47687,0
128441,497112,1
186028,246131,0
213659,507713,1
252898,126349,0
134388,247113,0
159385,115846,1
107104,871073,0
164293,921593,1
50763,61172,0
24856,649895,0
227782,686014,0
231891,80121,1
157627,821617,0
191729,233799,1
63605,304513,0
188158,556763,1
154250,5715,0
74018,353994,1
66141,457219,0
36925,251931,1
206067,178496,1
243502,82369,0
223221,101,0
161837,95016,1
